trigger_word,synonyms,keywords,response
心臓,ハート,心臓病,心臓は体の重要な臓器であり、健康を維持するために運動とバランスの取れた食事が重要です。
高血圧,血圧が高い,血圧,高血圧は心臓病のリスクを高めるため、医師の指導に従って生活習慣を改善することが重要です。
コレステロール,脂肪,血中脂肪,コレステロール値を管理するためには、低脂肪の食事と定期的な運動が推奨されます。
心拍数,脈拍,脈,心拍数が異常に高い場合や低い場合は、すぐに医師に相談してください。
心臓発作,心筋梗塞,心臓麻痺,心臓発作の兆候には胸の痛み、息切れ、冷や汗があります。すぐに緊急医療を受けてください。
ストレス,緊張,ストレス解消,ストレスを管理することは心臓の健康にとって重要です。リラクゼーションや運動を取り入れましょう。
運動,フィットネス,体を動かす,定期的な運動は心臓の健康を維持するために非常に重要です。毎日少なくとも30分の運動を目指しましょう。
食事,栄養,食生活,バランスの取れた食事は心臓の健康を保つのに役立ちます。果物、野菜、全粒穀物を多く摂りましょう。
糖尿病,血糖値,糖尿,糖尿病は心臓病のリスクを高めるため、血糖値を管理することが重要です。
禁煙,タバコ,喫煙,禁煙は心臓の健康に非常に有益です。サポートが必要な場合は医師に相談してください。
